Handle,Profile Link,Reason Excluded
@tradewithprof,https://x.com/tradewithprof,10.8K followers but median 2 likes / 611 views (0.02%); mostly product build-log for miiflo/signalp - fails engagement screen
@Qullamaggie,https://x.com/Qullamaggie,"182.9K followers, huge engagement (median 570 likes) but no posts since Jun 10, 2026 - fails 'active' criterion. Keep on a reserve list if Sam wants dormant big names."
@UmarAshraf,https://x.com/UmarAshraf,"209.7K followers, median 636 likes, but no posts since Jul 1, 2026 (dormant 2 months) and he is the founder of TradeZella (a trading-tool company). Reserve list only."
@Jackaroo_Trades,https://x.com/Jackaroo_Trades,100.8K followers but no posts since Jul 21 (6+ weeks) and recent content is small-cap ticker call-outs ($VIVK $SPCX) - fails both the active and the no-stock-tips screens.
@SJosephBurns,https://x.com/SJosephBurns,1M followers but median post gets 5 likes / 306 views (0.0005%) - posts dozens of quote-style tweets and replies per day; top posts reach only ~150 likes. Textbook inflated-follower account; fails the engagement screen.
@OptionsMike,https://x.com/OptionsMike,113.5K followers but median 8.5 likes / 3.9K views (0.008%); content is morning analyst-rating recaps - fails engagement screen
@johnscharts,https://x.com/johnscharts,"332.6K followers but median 3 likes / 4.5K views; feed is option-alert brags ('$ORCL 155c moved 171%') for a paid Whop group - pump/alert style, fails both screens"
@SperoTrades,https://x.com/SperoTrades,"SMB Capital trader, 6.3K followers, but last post Mar 2024 - dormant"
@AxiaFutures,https://x.com/AxiaFutures,"Company account (Axia Futures training/prop desk), 11.7K, 0.09% - not an individual creator; co-founder checked instead"
@AH_AxiaFutures,https://x.com/AH_AxiaFutures,Axia co-founder Alex Haywood - strong engagement (median 121 likes on 9.7K) but last post Jul 13 - not active
@kroyrunner89,https://x.com/kroyrunner89,"Tim Grittani, 124K, but last post Apr 8, 2026 - not active"
@TheShortSniper,https://x.com/TheShortSniper,"26K day trader, but last post Jul 7 - not active"
@MasiTrades,https://x.com/MasiTrades,"45.5K options trader with good historical engagement, but last post Aug 10 and only ~20 posts in 9 months - too sparse; reserve"
@TradingWarz,https://x.com/TradingWarz,"183K but median 13 likes; feed is hype ('AMD IS A MONEY PRINTER', 'I AM IN TEARS', 'stop GAMBLING I will teach you') plus subscriber-locked posts - pump/hype style, fails the content screen"
@turintrader,https://x.com/turintrader,"13.5K with viral engagement (median 204 likes, 37K views) but an Aug 21 post opens with an antisemitic trope - brand-safety exclusion, do not contact"
@TRADE_YOUR_PLAN,https://x.com/TRADE_YOUR_PLAN,"3.9K followers, median 5 likes, posts sparse (last Aug 20) - below micro threshold"
@NOBStrades,https://x.com/NOBStrades,"13K, median 7 likes, last post Jul 31 - low engagement and not active"
@IGOSODAMNHAM,https://x.com/IGOSODAMNHAM,"11.4K, last post Jan 29, 2026 - not active"
@TicTocTick,https://x.com/TicTocTick,"260K 'emini tic' but the current feed is political news commentary, not trading - off-niche / brand-safety"
@FuturesInsight,https://x.com/FuturesInsight,"Profile is literally named 'Marketing Account' selling ES/NQ alerts - alert-service, not a creator"
@scottmanzo,https://x.com/scottmanzo,"2.3K, last post Feb 2025 - dormant"
@GaaOptions,https://x.com/GaaOptions,"34K with real engagement (0.15%) but the feed is SPY 'lottos', VIP alert entries and a $500-to-$70K challenge - alert-seller / gambling framing, fails the no-tips screen"
@rachels_44,https://x.com/rachels_44,63K but median 7.5 likes (0.01%); ticker one-liners funnelling to a Whop Discord - fails engagement screen
@eschunk8,https://x.com/eschunk8,12.6K day/system trader with strong engagement (median 55) but last post Aug 2 - 5 weeks quiet; reserve
@zander_odom,https://x.com/zander_odom,"5K equities trader, last post Aug 13 and only ~1 post/week - too sparse; reserve"
@jedimarkus77,https://x.com/jedimarkus77,42.7K ex-CME member but median 6 likes / 1.5K views (0.02%) and self-described 'random nonsense' feed - fails engagement/content screen
@SuburbanDrone,https://x.com/SuburbanDrone,"Mac10, 134K, but the feed is heavily political (Trump/CEO rants) with 0.04% engagement - brand-safety / off-niche"
@toodegrees,https://x.com/toodegrees,"Indicator vendor account (toodegrees.trade), last post Aug 10, median 11 likes - tool company, not a creator"
@sweechart,https://x.com/sweechart,"Sweechart is a charting/options-data product account (company), not an individual creator; last post Aug 27"
@charliebilello,https://x.com/charliebilello,"863K, strong engagement, but content is long-term investing/macro with heavy political framing (Trump quotes, national debt) - off-niche for a day-trading platform and brand-safety risk"
@michaelbatnick,https://x.com/michaelbatnick,"207K, but last post May 12, 2026 - not active"
@daytradingzoo,https://x.com/daytradingzoo,"13K system/algo trader, median 9 likes, ~1 post/week (last Aug 31) - low engagement, reserve"
@IClovertrading,https://x.com/IClovertrading,"Clover Trading company account, 5.2K, median 2 likes, last post Aug 17 - company + dead engagement"
@TraderBryce,https://x.com/TraderBryce,"24.6K small-cap day trader, but last post Jun 9, 2026 - not active"
@Trades_Grizzly,https://x.com/Trades_Grizzly,"24K, median 3 likes / 1.2K views - daily 'good morning, live at 9:15' posts with no engagement; fails screen"
@interbankguy,https://x.com/interbankguy,"9.6K NQ market-maker-model trader, good engagement, but last post Jun 16 - not active"
@tradersilky,https://x.com/tradersilky,"39K price-action trader, median 11 likes, last post Aug 17 - low engagement and quiet"
@LozTradez,https://x.com/LozTradez,"18K, median 9 likes, last post Aug 14 - low engagement and quiet"
@SPXTrades,https://x.com/SPXTrades,"19.7K systematic ES trader, median 6 likes (0.03%) plus political posts - low engagement / brand-safety"
@ValentinTrades,https://x.com/ValentinTrades,6K equities trader with decent engagement but last post Jul 30 - not active
@_RoninTrader,https://x.com/_RoninTrader,"343 followers, last post Jan 2026 - dormant"
@TattedTraderGuy,https://x.com/TattedTraderGuy,"1.6K, median 2 likes, last post Jul 10 - dormant"
@evanmedeiros,https://x.com/evanmedeiros,12.8K systems trader (The Trade Risk) but median 0 likes / 455 views - dead engagement
@SunriseTrader,https://x.com/SunriseTrader,"198K followers but median 12 likes / 3.9K views (0.007%) across 20 posts in one day - inflated-follower profile, fails engagement screen"
@twinsight_x,https://x.com/twinsight_x,"Trade With Insight - community/alert-service account posting daily option-alert recaps ('$AAPL 320C +174%'); company + alert style, median 8 likes"
@Options_Sandy,https://x.com/Options_Sandy,"7.9K, median 1 like / 453 views - dead engagement"
@FutureTrader400,https://x.com/FutureTrader400,"5K ES levels account, median 2 likes, last post Feb 2026 - dormant"
@zaytrades_7,https://x.com/zaytrades_7,1.9K followers with suspiciously uniform 74-181 likes on every post (208% views-to-followers) - likely engagement pod; too small and last post Aug 24
@petefromaustin,https://x.com/petefromaustin,"1.8K, real-estate/mindset feed - off-niche"
@OnlyTicks,https://x.com/OnlyTicks,"3.7K, median 5 likes, ~1 post/week - too small/quiet"
@Mayhem4Markets,https://x.com/Mayhem4Markets,"Brand safety: political/slur posts (Sep 3) dominate recent timeline; also paid-partnership ads, not a trading educator"
@tradersmindedge,https://x.com/tradersmindedge,"Too small / dead engagement (7.0K followers, median 1.5 likes, last post Aug 1)"
@ESRealTime,https://x.com/ESRealTime,"Too small / zero engagement (2.3K followers, median 0 likes)"
